timestamp,temperature,current,vibration,pressure
0,30.496714153011233,4.9723471397657635,2.1295377076201385,5.304605971281605
1,29.765846625276666,4.9531726086101635,2.3158425631014783,5.153486945830582
2,29.53052561406505,5.108512008717193,1.9073164614375075,4.906854049285949
3,30.241962271566035,4.61734395106844,1.6550164334973934,4.8875424941518055
4,28.987168879665575,5.062849466519054,1.8183951848957578,4.717539259732941
5,31.465648768921554,4.9548447399026925,2.0135056409375847,4.715050362757308
6,29.45561727547482,5.022184517941973,1.7698012845155393,5.075139603669134
7,29.399361310081193,4.941661250041345,1.8796586775541206,5.370455636901788
8,29.986502775262068,4.78845781420882,2.164508982420638,4.755831270005795
9,30.208863595004754,4.6080659752240445,1.7343627902203138,5.039372247173825
10,30.73846657999541,5.034273656237994,1.9768703435223518,4.939779260882142
11,28.521478009632574,4.856031158321058,1.9078722458080426,5.211424445243783
12,30.34361828956846,4.647391968927453,2.064816793878959,4.922983543916737
13,29.323077999694043,5.1223352577681736,2.20619990449919,5.18625602382324
14,29.16078247677736,4.938157524829757,2.0662526862807127,5.195109025424472
15,29.52082576215471,4.962868204667236,1.7787330051987944,4.760758675183866
16,30.8125258223942,5.271248005714164,1.9855979756839333,5.200706579578405
17,30.361636025047634,4.870976049078975,2.072279121101683,5.307607313293194
18,29.964173960890047,5.312928731162801,1.476050979182051,5.164380500875045
19,30.08704706823817,4.9401985299068265,2.0183521553071007,4.6024862170798215
20,29.780328112162486,5.071422514302349,2.2955788089483034,4.896345956345271
21,29.191506397106814,4.899648591283093,2.1830804235404146,5.065750221931937
22,29.47023979623296,5.102653486622671,2.0194155098696083,5.193728998106578
23,29.297946906122647,4.934467570680447,1.9215783693735684,4.707297010373576
24,30.296120277064578,5.052211054435978,2.001022691328492,4.953082573324971
25,28.584629257949587,4.915870935446928,1.931457096694646,4.839544546155676
26,29.83871428833399,5.0808101713629075,2.377237180242106,5.0349155625663675
27,30.257550390722763,4.985110816846767,1.6162457569401916,4.994697224910157
28,30.060230209941025,5.492648422497057,1.9615278070437756,5.0603094684667225
29,29.965288230294757,4.766264392476094,2.228564562903004,5.150386606537355
30,30.791031947043045,4.818122509041052,2.28055886218722,4.719629787441544
31,30.58685709380027,5.438091125161995,1.8018927349738623,4.886740454079446
32,30.09965136508764,4.89930486917676,1.6898673137867735,5.013712594961206
33,28.937696286273894,5.094718486127037,1.8161151531532393,5.309986881003508
34,29.216746707663763,4.935587696758865,2.162703443473934,4.753827136713209
35,30.22745993460413,5.261428550856485,1.6785033530877544,5.036926771706461
36,30.259882794248423,5.156364574355462,1.7526098578243836,4.7359086773831445
37,30.5219415656169,5.059396934646637,2.050098570069175,5.069289641899395
38,29.31997527842151,5.046450739432201,2.0586144946597362,4.857129716394726
39,31.865774511144757,5.0947665841823575,1.7617393005594701,5.131310721726766
40,29.025318329772677,5.15741692074849,2.231719115801481,4.835863536329658
41,30.96337612924432,5.0825561853873,2.164412031998898,5.379358596530789
42,29.75461188399713,4.849252767128502,1.8220971140748954,4.836837943006913
43,29.922898290585895,5.0682303949633285,2.055338159866004,5.165436649807205
44,30.013001891877906,5.290706815431463,1.9470686333524088,5.544033833317924
45,30.625667347765006,4.828568488716743,1.7858215003877775,5.096494483048637
46,29.77653721467415,5.142800098818419,2.094647524914709,4.985434217468625
47,29.153206281931595,4.6970305550628275,1.9106970095865958,5.171279758864695
48,30.214093744130203,4.750852244257603,2.0346361851702364,5.077063475945767
49,29.116142563798867,5.030745021189105,2.0116417436892,4.771405940433875
50,30.357787360348283,5.112156905273647,2.2166102486350554,5.210760410406981
51,28.62233063204291,4.812434992016976,2.1030070534417318,5.102757190182442
52,30.515047686306048,5.770546298130944,2.1141781021386334,5.22711312803612
53,30.954001763493203,5.13027825026116,1.9369461510719308,5.151793844098654
54,29.227174785462427,4.952636278651998,1.9029272904341794,5.016374827877264
55,32.31465856667351,4.62654696148165,2.1372520380749025,4.67745682576207
56,29.528068134210567,5.217790119393473,2.0128560038190924,4.784451044414139
57,29.284696290740033,5.135919549786935,1.8539266736565727,5.043291717916395
58,30.045571839903815,4.869679930478837,2.4287888178650654,5.126783804463602
59,27.97485741334239,5.037290862953886,1.8676427070463224,5.170486666959245
60,29.2074792615673,4.97705271170662,2.1009974557960915,5.173151038834025
61,28.799703592944223,4.933099752831811,1.9050109377678088,4.869334153485258
62,31.765454240281098,5.080996342192191,1.7478232091329908,5.183572389410955
63,32.122156197012636,5.206493052110229,1.6961260068091972,4.90315318542675
64,31.266911149186623,4.858466106876244,2.0887638856292456,5.1549268106858674
65,29.073069528421918,4.98809492878764,1.3517465319861854,4.795122471733142
66,29.74743184860684,4.7504433636070305,2.326482260786327,4.713971724407873
67,29.559955513303017,5.026148115457218,2.2882546578132232,4.712827569764112
68,31.163163752154958,5.002046612203918,1.8036982697904098,5.092420694852654
69,30.19905969557347,4.879956624568241,2.0139604169980037,4.922937280627648
70,30.11351734525125,5.132426134904209,2.3172033632290705,4.75243690023463
71,32.133033374656264,4.609582440095499,1.9696429809928833,5.117663441296916
72,30.280991867735032,4.875460096035881,1.958375549928545,4.901399813068234
73,29.41063524305579,5.169920419404205,2.0714030971930093,4.861418080947869
74,30.89959987543325,5.061459904175321,2.162572423767792,5.125925768384723
75,29.17100498907793,4.8879637919606065,2.1494587210246525,5.122074053086693
76,29.979098406035853,5.023465476661756,2.255532979157685,4.881685722232834
77,30.547097381170037,4.959561469513221,1.956463759354556,5.219755370397438
78,30.82541634898803,5.1627019272001275,2.261095761430866,5.004200768326552
79,30.681952971294965,4.937946648681309,2.0648332704976884,4.973971389126463
80,30.09699596499272,5.119031405087383,1.8363558633533055,5.418477455137092
81,28.993982618500297,4.757162277442454,2.2316221747000133,5.158332538792587
82,30.624119817052154,5.125669101852856,1.9975506454306171,4.820549125702834
83,30.075804558193727,4.864567657697577,2.19502394668355,4.970588523699572
84,29.17450280320749,4.935722831669401,2.082586290855125,4.887255089439205
85,29.177779604433567,5.048737442298383,2.0489933142217445,4.898611364925774
86,29.528961694381678,5.046409987471527,1.7103831317005351,4.718507245124689
87,29.281555778747563,4.957310569657631,2.062181513119601,5.29507124338991
88,30.857659623202018,4.968012294007314,1.9961967584194622,4.799494127072438
89,29.98148686400761,4.942268272215973,2.0645437120676178,4.834553811289536
90,30.51934651424117,5.306547782600515,1.9782479703086284,5.080342344419789
91,30.690143991711114,4.919755905622833,2.0448184963620832,5.002518480156359
92,30.09767609854883,4.845398043228907,2.0049020348517885,5.09959965824909
93,31.451143607795043,5.191854165217041,2.4306364915023115,4.84653048742239
94,30.87232063672068,5.03666840114767,2.4379605866435345,4.838340342928969
95,29.160278157819224,4.880121470911195,1.5752208551380387,4.894848995663848
96,29.240867338446304,5.030078757295241,2.068351195155432,5.375234167843177
97,30.95042383818605,4.884619268867519,1.8203170657303285,5.098383834301301
98,28.679766792979358,5.366291753170871,2.2358880241442574,4.906164869579059
99,28.286865470909124,5.2707744748330825,1.9770920309494764,5.247563262394692
100,28.405572341205634,4.880124995409245,2.0010487399436365,5.0093961187529485
101,29.549934528520755,5.1245699864695,1.7864759141234812,4.971524102995741
102,30.120295631711897,5.10288776681175,2.1423229756177777,4.775071581632426
103,28.465885829264376,5.255535364379702,2.066462802395918,4.85030269268869
104,31.551151975522522,5.023134926858572,2.235859436812765,5.013503696282021
105,32.06074792488199,5.3510681684886405,1.9502071703041852,5.194314190190871
106,30.645375949585148,5.273726311506469,1.807015307883979,5.137210291999688
107,31.05842448684959,4.648252102715377,1.763348297466845,4.59215356444798
108,29.730593165555444,5.143508451159192,2.3004714104192057,5.014818956083955
109,31.628615545571293,4.723979708357022,1.6593235121289691,4.988890460220676
110,30.384065448939307,4.993461050381182,1.5865115799920246,4.982175992097442
111,28.695530499495145,5.133934509766008,2.0733196492193695,4.812024042734529
112,29.486133082663308,4.788157295622209,1.9874641805453657,5.191028464100247
113,29.014273953664457,5.100809303103569,1.8939484763255119,4.841425433547531
114,29.892969640045443,4.792951535516125,1.8892701389305635,4.76042442148223
115,31.96472513291639,5.007052710394346,1.8600548984014829,5.042795982146845
116,29.88767195030917,4.955806080093355,2.122833340008685,5.151501542009461
117,29.46949885238947,4.884836351871064,1.9449896605696713,4.539615767052883
118,28.484808937801446,5.273374853488905,2.328993542700257,4.950192792088725
119,30.576556963055765,5.062250030908707,2.6157761616910475,5.2239149822869155
120,29.872082408519233,4.808891911879915,1.6787107359484854,5.040692727173445
121,29.243649254715695,4.715549258080465,1.8706854231514947,4.783690399277121
122,31.687141635072564,5.17632795138989,1.9984054717366766,5.295988827778006
123,30.077368307647617,4.827743159734347,2.3046248154539315,5.1077820087369314
124,28.962753845673543,4.961932264383278,1.8248763493230484,4.723440053807133
125,30.92617754753164,5.381883328094026,1.7202864852361717,5.112593847338114
126,29.34935743087817,4.902574923247061,1.8815212151522263,4.827201846064037
127,30.048521627944826,4.8338099767177924,2.054091365155968,4.989952378110172
128,29.76105195313359,4.818487267591681,1.8846457338863334,5.151078245165151
129,30.50091718762438,4.80448895104029,2.019866461085845,5.150277424674358
130,28.33059471887863,5.108672038475987,1.8674752482108308,5.114119733718632
131,29.236740843457483,4.6390235798670965,1.6744915124233675,5.009616989332277
132,30.25972250172148,4.819136674979118,2.127718491755475,4.667695987546208
133,29.933920201352684,4.757796760047508,1.869632778439568,5.009479734263283
134,29.139586634716046,4.923088891154035,2.201258561842888,4.88462162609537
135,30.835692112065143,4.7740586290684766,2.1059608355830566,5.28831372413158
136,27.52835549987271,4.840620948905904,2.115414425436108,4.9593909227914015
137,30.371145873371308,4.879202962656836,2.01731795749458,4.968864552921584
138,31.167782061659807,5.050884168660243,2.0675205324150405,4.917624606775506
139,29.512393775927507,4.913488362436076,2.0788904284756593,4.915803103835947
140,30.289774856896415,5.415080159729087,2.1742249406863383,4.934795293566432
141,31.201213922163944,4.9183849253956895,1.5923750929644291,4.798382737816519
142,28.129208078974145,4.929697303191738,2.00368367583791,5.335287462455057
143,30.326927373764164,4.956179894238227,2.1658811162366978,4.557772938198423
144,30.235614558108566,5.154173038777393,1.7042827508440317,5.228750808641386
145,30.338496407494414,4.91694241721984,2.126556373221257,5.454138571560879
146,30.181866255058495,5.049644117260067,1.9081278200919511,4.830031126107041
147,30.830335816544245,4.828783234818227,2.0143132474438783,4.904468510646977
148,30.478979825746393,5.06673242105739,2.20750798885158,4.897996720229051
149,29.73012506470663,4.804247256843539,1.9111413479847776,5.07546009860897
150,30.75698861664535,4.815566935164475,2.173921184021132,5.2711275717609904
151,30.413434903223703,5.3753591625116135,1.8452421601792854,4.751069059337716
152,28.22127975109572,5.299208862297837,2.1308731312708113,4.988883065817909
153,30.27996862631982,4.774902190540325,2.489150395923365,5.025844236395045
154,30.109394794604892,5.145153324779739,2.0962018463473426,5.044776804855826
155,29.209525544554687,5.0942936714272,2.376404899295007,5.269084009230996
156,31.593186626639397,4.897756864713763,1.802079035948284,4.97484261598007
157,30.055724912288696,5.21883830369419,1.6615070740570361,5.305910063892123
158,29.84199210142101,4.914623786010516,1.7975791249479665,4.669028665626846
159,30.823170583961915,5.014663593437681,1.7420078200517892,4.740984245587277
160,29.664215300709873,5.333804305057878,1.948081729727279,4.699371409376379
161,29.754256935914057,4.945455286050466,1.4606226714116857,4.989141026696438
162,29.76906546979132,5.139241272962684,2.369791218989069,5.225313005909552
163,29.73111130944517,4.778694818251666,2.514671960649972,5.011843686802898
164,30.013929291912945,4.995174982577999,2.039616952153571,4.9711279176152114
165,29.426337993119763,4.890628211751921,1.9934493459568003,4.891315045773247
166,29.287154217322836,5.021286045538379,1.949004556515829,5.300798597716538
167,27.34903019160699,5.218301370384492,2.249217038499526,4.5853219535183705
168,29.65731240591965,4.925711826800842,1.7184976610564358,4.844436662481825
169,28.889424154534172,5.3504540886847245,2.187135678629492,5.254311018998831
170,30.721672064043236,4.774189645756554,1.8950959467440454,5.097874912245584
171,28.777872191108056,5.142599686034478,1.951934920368373,4.92503583849008
172,30.71095996820349,5.088852662297208,1.927806766836184,5.23186596067285
173,28.918936672400104,5.1231871213888525,2.118620251593677,4.9380907121372015
174,30.326133022242118,4.749777284722939,2.1848054038413802,4.963019572711402
175,29.477276979480962,5.2098018451673775,1.8591312618914482,4.718307740727288
176,28.443370826476098,5.121201990269128,1.7439141295007434,5.350958836396873
177,27.91807059211628,5.339291273658008,2.0422034934405238,4.9806573776259215
178,29.45508091319105,5.079827222870414,1.9924730595150304,5.220660376403305
179,30.11422764866204,5.0300603522923755,1.9272775575572287,4.9886108752557865
180,30.30780176889206,4.657966321468675,1.7303629155788574,5.148652818804543
181,30.17086543812794,4.9632033327294645,2.0036867866130788,5.069516341072334
182,29.460240319690637,4.844339054919537,2.0391690510195364,4.804325444476993
183,30.40825275571447,4.659483279152432,2.2058311274651285,5.094519496482609
184,30.256029734313877,5.196538196789103,2.333094888892515,5.202874013003626
185,28.159125768668353,4.7440846066528595,1.8750362844608643,5.005218210042167
186,30.51765902046912,4.8548512373693065,2.0373533528954155,4.848923413529335
187,29.388482197008052,4.718667780630356,1.8153533507778192,4.729663078876733
188,29.024126747022667,5.210728359321568,1.8101202222336115,5.526476412967478
189,30.49331790088089,5.036967224738975,1.8283284439637573,5.140061975881799
190,29.424362173762226,5.024401962929073,2.512016907653759,4.98078802005507
191,31.149273326285677,4.859364714974823,1.9930023019006076,5.354160127127102
192,29.373032942212234,5.362489711599386,2.1415503870910952,4.887506644821147
193,30.63240773905552,5.194510889925346,2.1243619924434394,4.685955056021909
194,29.27286282417513,4.950496272889699,1.9851133141799908,5.124134419510136
195,30.177701000933254,4.73293112825798,2.0760395702011927,5.1221171490567645
196,30.55979044793104,5.216156145110924,2.166784430909781,5.091836015845687
197,29.929834288541354,4.667807813296802,2.085923643826517,5.041537537432622
198,30.271578837195374,4.744650284835938,1.7837886919183474,5.210630570666581
199,29.960444846143346,5.136300139474525,2.005663675226092,5.005951227899149
200,30.938283805976,4.896791054356525,2.019224155388197,4.907544942258991
201,29.565503772567684,4.9381655753062725,2.0444267543267425,4.904250275667304
202,31.25575612557352,4.821078539556099,1.9626256711677281,4.912053788345165
203,31.446977884353732,5.039310955302315,2.2063689078937267,4.702887925392606
204,30.26705026586926,5.177926159124687,2.016456797855085,5.213096075013071
205,29.482711549899626,5.281869488037116,2.45977962472385,4.927432287912068
206,29.554497478599227,5.29067689542354,2.3159144291461424,4.895427994569347
207,29.579813182904143,4.943643078227899,1.7311098977931445,4.81626961070316
208,28.99585923324793,4.846440486979175,1.9930630225226438,5.046842946507304
209,31.550500492814077,4.800329191852242,2.196864479695317,4.957202231154898
210,29.950536290347568,5.134963898433321,1.7754555956875402,5.07648194923681
211,30.166452208213055,5.09849025280163,2.0578337287815636,5.491060027982179
212,29.362260015748685,4.893800608999636,1.875371894715047,4.888904576167949
213,29.362612872693482,5.23780330622151,2.284100849597971,4.885850741250104
214,29.16764442689577,5.094283111277281,1.8895553911438057,5.126586363551102
215,30.2029230208513,4.696851177000553,2.3095010402660123,5.359175534619104
216,29.387211309515614,4.922459688012803,2.057173078144981,5.066891357997405
217,30.65854427267283,5.40204090775327,1.96461055450119,4.840340551092309
218,28.620680771985473,4.853813992011617,1.9933746054252406,5.3589115727035574
219,29.482388700963828,5.04475759032778,1.9967154207854496,5.237678654689617
220,32.526932425873625,4.893826245415936,1.9021121114963555,5.208832175413814
221,30.681891489626313,5.3693414651472064,2.1167856370651927,4.928141581842588
222,30.59065483069231,5.221740716116582,2.164096436239473,5.10145480622146
223,31.066674689589153,5.233859118089135,2.2764317982075055,5.129741977517929
224,29.832881919683146,5.029342737286664,2.2413017933016715,4.836612865802553
225,30.3686733088729,4.921332237534528,2.0057489645869633,5.255690372521459
226,30.191099068019902,5.00928730963123,1.7280287718040162,5.149250713205444
227,30.645484181141075,5.432650944661092,1.9384443530093998,5.043830065532788
228,30.249383683710754,5.315490655952695,1.9809408935226096,5.0558043051540675
229,30.60789650971654,5.037321824631271,1.9107132770898942,5.0388179985796615
230,31.07363174985977,4.794696940117788,2.0265939348293753,4.859975837012166
231,31.195046628924842,4.695362619043245,1.8882156305456823,5.075442375012904
232,31.56552402923434,4.9868499477854025,1.8889600946613603,5.376231413888118
233,28.551986099583758,4.560238808675984,2.0880028900106664,4.899589155129478
234,28.978767182869287,5.141671289459871,2.0487601427542397,4.887184273852655
235,28.719695601329107,5.174491465656029,2.130040235591732,4.980164827244123
236,31.846636996047664,4.78598304673477,1.6948949658150523,4.861618386023751
237,29.954413983644503,5.0486678898645385,1.951752788428734,5.070411079302859
238,28.748460575809556,5.288752920814652,1.9835697643214862,5.2234591663176255
239,30.342725346377705,5.091350643830757,2.1139534560464406,5.089541712003463
240,30.642722759867542,5.265830506026486,2.0393042339402943,5.141800751517702
241,29.910264305712772,5.2880234430898945,1.864721539588146,5.360188086582163
242,29.959842049355657,4.713844979576391,2.025620882982158,4.8637896685050235
243,30.840643548988723,4.869475204139522,1.910763313357044,4.622091853810894
244,29.547693680750925,4.515224134674209,1.6832194353028553,5.152082931228859
245,30.785800158650833,5.085091512356993,1.8066047713741573,4.990457728771604
246,29.99639746090943,4.768327062161491,2.3006796603534303,5.175472458115134
247,29.779035826170336,5.0053771677989065,2.0416765615895107,4.591653026315142
248,29.752822617479403,4.86360315040044,1.7996759980210169,4.943779941422809
249,31.79768652684952,5.128168572253402,1.8857642020434406,5.114516556271232
250,31.399355436586003,5.184926736582554,2.011926073984035,4.870612644458885
251,30.69822331361359,5.07869707708435,2.1790386440055465,5.127034360336394
252,31.049552715319336,4.8929529576878865,2.263478813126865,5.03951992093848
253,32.075260872625265,4.862162436382087,2.34719276063305,5.039582156692529
254,29.34858199638555,4.903222833189136,1.935930538361136,5.084833189280383
255,30.5228354880355,4.885259999212284,1.9951290815478033,5.428454071722372
256,31.727543170100713,5.0872647339348065,2.00760069563364,5.024006265343652
257,30.613517972730417,4.795441486960319,1.948524692515331,4.666283185224482
258,30.399223122605278,5.129439187940548,1.9033627075401252,5.314797352658006
259,28.774234336997658,4.707125023958036,2.0448903637119944,5.209419660522431
260,31.683927691457868,4.908223147426212,2.215736166686259,4.992298306099858
261,29.82737270005918,5.176731987497335,2.130464575682684,4.68472156860315
262,31.476540349725894,5.27601827082949,1.874887459698094,5.079160706687482
263,30.49403018628274,5.052134753164782,1.8899389692309159,4.86567532641239
264,29.974445929008553,5.234545803851873,2.1087200309188865,4.9258771335827785
265,30.771698710648344,4.430291475873985,2.2297531400744206,4.65205724424438
266,29.637559058596867,4.776066021074771,1.7410637048558188,5.232165357475704
267,29.53229879868811,5.069300776346143,1.9906158842241632,5.095408165444624
268,30.076821891060256,4.743401555162286,2.199253363889428,4.901248683367737
269,28.44341810134025,4.914376967806818,2.3001519581268624,5.1700443484226986
270,29.65134786559214,4.930148459136314,1.9356729897565235,5.4153495967121685
271,30.381935452231552,5.086008329438214,2.2060566908063683,5.047757831805303
272,29.740957854179296,4.960730030183004,1.9856797481171873,4.992555552698032
273,30.72762954363698,5.01038917716146,2.1465280154431157,4.983856683978283
274,30.078635190316092,4.600359863093578,2.1832655349404964,5.069297695179599
275,30.998010109859653,4.420748924361262,2.4176749409561458,4.9720820743689655
276,31.108182816737518,4.792018814574893,2.122554781012514,4.789316887365269
277,29.376231039304194,5.382806270773357,1.9618635198473307,5.043486574635945
278,30.870067730688753,5.099136377594521,2.0300837810287153,5.072992200493245
279,32.40341558523828,4.9884762405932825,2.0402198093429935,5.210130879201523
280,31.105525932957985,5.237406061112076,2.127746044405837,4.771399017453903
281,31.633431532301096,4.770730921396263,2.060527093047807,4.849144829996129
282,29.935861653407006,5.065752482060696,2.0642714430900546,5.084384150847057
283,31.613711269058648,5.090706860302796,1.9511686729418702,5.192817433657671
284,31.18947048892464,4.754478436972602,2.1194800139699717,5.14023454846218
285,29.702436496640008,5.275141362662324,1.9699888825934946,5.025115290694308
286,29.82692817571613,5.003115809516293,1.7807449826209596,4.711989823481141
287,31.59450506322497,4.830607730336334,1.8017215301087386,4.569321977279257
288,29.361038252310497,4.7353820413185,2.328403032027274,5.201963417868527
289,29.311849654822275,5.450487161068862,2.196353097398319,4.935033723298275
290,27.500594285126425,5.458188514518149,1.7220855066472809,4.670920250608622
291,31.02257043200964,5.487950481267855,2.276854563702104,5.112781824010472
292,30.594754341665286,5.170683111756062,2.151785717957353,5.056238284793875
293,30.104201103951876,4.987481374420096,1.8492070822266649,4.943864984626646
294,28.307043185804616,4.98033207464105,1.8022817785698164,4.779282136556846
295,30.17989415115348,5.27840045726892,2.183663321200463,4.6858998792753646
296,29.01037186342966,5.188154237597643,1.8035025212923381,4.955073370000595
297,30.55005209902455,4.806331109027273,2.021075101229192,4.733194901016359
298,29.398632356048786,5.063956386828507,1.6814012532936662,5.088094947592079
299,29.98036220107332,5.110497990883429,2.0447828268129324,5.272828085994769
300,30.125224502647907,4.914118891774949,2.024459500606457,5.1086596058072775
301,30.048860070325706,5.008118338240776,1.8596016624386489,4.867419816489811
302,28.597394728200307,5.349915348637388,1.751227352921743,4.861418960440819
303,29.281592734430802,5.178984875388888,1.9410100643415944,5.249548414534747
304,29.32650937575613,5.0557988324447605,1.8329305893480485,5.429029825554678
305,28.812401580970487,5.061964142045405,2.1267553761864195,5.0827598194903
306,29.81471234112229,4.9740358600533146,2.008762294395822,4.970599599674302
307,30.96387911679491,5.44210460031827,1.8885016429984334,4.726039404084185
308,29.911717951648747,5.515941867530864,1.8392650864060538,5.3278233610888135
309,31.67770081407644,4.889282351658401,2.113796615837055,5.325679324625708
310,29.62087225901251,4.959283927979528,1.8836638172102713,4.7970486538614265
311,29.350722454933994,4.755211946647549,2.006816693651845,4.8460053537882715
312,30.233785911790747,4.688820870759274,2.0661760464428913,5.166705792321785
313,28.006264357428545,5.074811313969515,2.2455337984946584,4.758071796261759
314,31.672572386837704,5.083803801873209,1.8589976288483183,4.988846184468459
315,30.55832691252172,5.015201078282482,2.107751198489274,4.815865281384127
316,30.16936082403608,4.717257100619004,1.97775478773026,4.819218471707042
317,29.264470057410232,5.2472186350420875,2.2182620241188538,5.121827624181435
318,28.907687235327423,4.93671831006104,2.242619539995837,5.028343382727981
319,32.319329539981695,5.078663567878874,2.0384098232980064,4.938176707159499
320,30.133540904782283,4.969506032723891,2.141621735337718,5.191340463358917
321,29.21401053949205,4.733753409288444,1.6327589253793406,5.101598265382509
322,28.896633393826125,4.569421881409504,2.077715720906193,5.498599903486558
323,29.993929088460106,5.167698154890329,2.016365871709513,4.980222069361772
324,30.91907648298777,4.941945091162269,2.0534784628143807,5.064339561239203
325,29.33190954635695,5.198408469907305,1.9650080486609183,4.848850968101431
326,30.536509843570403,4.820306403641792,2.005636231473826,4.99817620067116
327,31.085895565831578,5.09493964657599,1.9949946082509713,5.163553259840057
328,31.390207549017312,5.111562061270372,2.0020705239686762,4.737632753529968
329,28.934886336924627,4.938955059129066,1.8780975595681433,4.96260573940291
330,30.05664992489711,5.105938550871346,1.9859002443881817,5.0973003287652405
331,30.06447441481012,4.604906686729226,1.8121329212362491,4.971182488855677
332,28.79030525715889,5.119985745999241,2.3061501664687394,5.243752370339464
333,29.78655712906979,5.29814522736999,2.0297334914404224,4.932582805776392
334,29.38659733645906,4.939506062702375,1.9223646362917544,5.034083244475098
335,30.160573981049865,5.000609204030683,2.08738763394927,5.238129254957268
336,30.949554135441325,4.703020406310019,1.489215773019609,5.186863982247854
337,28.63312130158458,4.955046919621464,1.765977394788128,4.639603912483996
338,30.541462728204788,5.15183103206053,1.884697919854656,4.481791541571018
339,29.453755551747516,5.0783608010805095,1.7042176862451743,5.036671983955831
340,29.984690150827003,5.115858299920218,2.0239160736828308,4.805386211823689
341,31.19657150166449,4.968294085394606,1.9945390920980137,4.813346408185361
342,29.556717748808488,4.82303945719462,1.9654107880153153,5.342341696028469
343,28.628098857068643,4.677287720424652,2.294234065498722,4.958135264569627
344,29.330927261340083,5.207980937479215,1.878876892052627,5.365201942709387
345,30.67792587133927,4.9024177183708595,2.4314616426531006,4.8788570153993325
346,30.742095372009306,5.059858516081299,2.26034825787976,5.312302239345371
347,30.032004149065767,4.8493164259307635,2.091994428587823,4.864456926049579
348,32.01338724752662,5.027307066216547,1.9269356897375782,5.036936061172982
349,28.652873710470303,4.805677192297869,2.2400827815888853,4.868621144205721
350,28.95308901731806,5.107330550505457,2.2371408309325993,5.143790662133013
351,30.996047685805816,4.848640982286108,1.7156378666516312,5.3002667303910975
352,29.677320161157866,4.949833396708991,2.2656388283698115,5.111246001880132
353,30.455887772081606,5.433000468980217,1.8712963539239713,5.185568025616248
354,30.057013124897086,5.0537184557726516,2.3056936852825065,5.101567151257925
355,30.538296079049633,5.21450146746196,1.9270094540914229,4.832158066532199
356,28.955190805978965,4.6067286821248,2.4112414259880643,4.779358326855664
357,29.77874637641423,4.944637340022216,2.06148133956182,5.163147442507859
358,30.860473488359744,4.883384512286212,1.9665756572427178,5.05651599009766
359,29.751308873816452,5.321469115203999,2.0981949903276504,5.146975557209964
360,30.662881268667412,5.234694771497065,2.0362043117407413,4.740633610408831
361,30.399687951752643,4.869728621241634,1.8942766636500485,5.1172728037510185
362,31.238283071433635,5.004254315347213,2.0617666025197927,5.340442988927047
363,30.240753179488568,5.520336622836079,2.1131019291263087,4.647847448168837
364,30.753341621104532,5.076231676976556,2.257950550816549,5.134636270253992
365,29.861544016016225,4.755140352742127,1.958195348542795,4.82989590915814
366,29.419476550195277,5.117715680884122,2.3339809008702814,5.078934305964596
367,28.804116937964814,5.088920533644028,2.2393262973291304,4.878043419136124
368,29.86598283332708,5.0029376389458395,1.8430203373835519,5.1296560867687715
369,29.87905185139222,5.083906488781405,1.82250156443958,4.912508339935318
370,30.72238135782777,4.925433369581647,2.345392770246681,4.92007276287708
371,30.224684725751885,5.186518166374618,1.7163268534133937,4.647838237603845
372,28.474343685429904,5.252516820685436,1.8896283708215107,5.51163985713365
373,29.43575240134261,5.036910260639408,2.308421990513575,5.401218577631824
374,32.0615035766364,5.241673246118628,2.2048125051622924,5.118505389840236
375,30.77836107616664,4.8897628567342935,1.8363602233155385,4.99932510851781
376,29.82981537747507,4.909354390134545,2.139277489491343,5.191061041714102
377,30.088406886291846,5.2955060162110525,1.771662177173299,4.961268108144056
378,29.283177679397195,4.626692676585388,1.9834638628314603,4.975650498323343
379,31.51344974324213,5.126162336910956,1.795162635134159,5.370818513266838
380,31.221033695525353,5.116419540693723,1.9547031802300336,4.808112152655304
381,29.627793223928947,5.2177497239408375,2.3769172611869216,5.308648705654438
382,29.511150578213726,4.776076513342198,2.028177249382241,4.6463121268874295
383,30.32316771418478,4.9704794827402665,1.9067926996263516,4.681059386546641
384,30.513600106569715,4.8934598320676175,1.7660166328579423,4.42554755734367
385,29.972485094949363,5.3544503193339485,2.332251842909574,4.908580748682746
386,29.39778793963822,5.093754851215005,1.8003229121623416,5.060358379963893
387,30.766080278384692,5.245386644776861,1.9799691847040095,4.959265249964607
388,29.122017413243437,4.834623929192028,1.9547042216196946,5.073473101363236
389,30.91358462623325,4.839364209863931,2.2985377137919043,4.945775279791486
390,29.978632705651563,4.850557664170435,1.5151519479454116,5.17680907927221
391,30.736843897092434,4.943734488576357,2.0133981434449746,5.10318784354082
392,28.437454143113456,4.894189464530741,2.1588529359243656,4.74914211536615
393,30.293557932166628,4.728683639075319,2.0932859964867054,4.992871703540503
394,28.38486818409449,5.232947870891434,1.8530816846403901,4.837949512597124
395,30.200569197230944,5.229727469885743,1.7968356362043205,5.012335969969595
396,30.428816500330573,5.138621121452629,2.035288311055445,4.926594432183336
397,29.17240977935128,5.017228776609275,1.7855721976028787,4.415729903301078
398,30.436559804157667,5.180786968217239,1.5274135128916324,4.798053859058013
399,30.619154261005196,5.411499093942339,2.0041587415350817,4.854399411754173
400,29.81710355889516,5.274975283829637,1.870807164175093,4.840161598669949
401,29.517256477817966,4.809334278348257,2.024534063198959,5.324935691693912
402,30.32307927311603,4.949529299574743,1.9416377462168912,4.687361838260669
403,30.88310977714716,4.9844325605974396,1.963904017281875,5.638621513568972
404,30.298752908365685,4.849641789980963,1.9147284807588913,5.229689141839351
405,30.113270410537766,4.712344404336527,2.1838457869150405,4.866371182892201
406,31.873297776217544,5.21600961314293,1.9105356208682498,5.2562032723470224
407,30.067855510527405,5.170554735024444,2.096946563458895,4.830728669001825
408,29.35645016768254,5.205992163516232,1.933044933578692,4.919270307351601
409,29.044877420650646,5.084719813118692,2.412504983848629,4.786493417149146
410,30.024219456672757,5.282444111083086,1.984071721750857,5.090474359249947
411,28.93760647185312,5.0856614194415295,1.9625711469990903,5.197145999135973
412,31.18738605156475,5.517912728403723,2.1159266346427152,5.065159263316433
413,30.194384301577337,4.929366741437862,2.0676967686923384,4.940919717972194
414,30.168460976269614,5.263519507121592,1.7986914869440718,5.227975712225809
415,31.317115067339866,4.9763862946017845,1.575629020198281,4.8784356025811135
416,31.29699454656111,4.995426387540223,1.8001395535410178,4.899045015754356
417,30.840620026504553,5.109346713640276,1.9522135801660612,4.926635117637063
418,29.60824185095618,4.8155179631003,2.3230751378938885,4.935535906157732
419,31.217158520825496,5.30426321038449,2.199662179629592,4.91367593745639
420,30.40373009033661,4.9951608787218165,1.8192596278539743,5.064871856344321
421,28.820960208840198,5.237535877692313,1.9070765405403214,5.040231931174568
422,30.283287871546143,4.948219005259184,2.117338760295055,4.905019268675495
423,30.871297297457243,4.73080406395065,2.0252759159092824,5.387785799811657
424,28.999668675394425,4.86445100589503,2.102781569931783,5.0359163563879195
425,30.35063009927356,5.097837426029533,2.126944293712354,5.221939968391244
426,30.40981865692851,4.951748469076292,2.1345147402405464,5.379976386979044
427,29.867366253617426,4.805094139065872,2.2214161338573946,4.97592376720928
428,27.827330453985965,5.169484335430084,1.8929343628092155,4.981893343539168
429,30.331980330569014,5.038099935955813,2.141890363427808,4.912902725886031
430,30.51310579817608,4.9480906644832165,2.147762096177501,5.12307349680261
431,29.064561297955404,5.2171964232350065,1.8928073109771903,5.161611559656229
432,30.36728731340134,5.367636735359024,1.9553068035256296,4.930136640776361
433,29.980580394112266,4.9393640434331445,2.15998838038841,4.676737878312682
434,28.946317580853645,4.786439415684161,2.190061518394715,5.342122674516385
435,29.89555078146253,4.966235655361998,2.0140104326226362,5.2323756605216385
436,29.072646865809425,5.047673796546957,2.195039525956486,5.100218833987969
437,30.189581616598744,5.200209218513428,1.4593535414001524,5.135575063906182
438,29.345924316872576,4.633873420628708,2.102240519904996,5.274731709032592
439,29.862551485372308,5.1905749094405875,2.3224556515977293,5.26298289071681
440,31.639964529371394,5.148425498214379,2.0150867277803184,4.679606837620566
441,29.753937511870053,4.831350680936762,2.434188543499563,4.964822837513533
442,30.123204806784486,5.110297075208093,2.0087204892744905,5.339010208086151
443,29.377350638265547,5.038921491047448,1.8515058828603903,4.735995497755859
444,29.388230909094716,4.992592640590318,1.914139555096548,4.861515804025228
445,28.593682536328167,4.983378885474261,1.6990559251937996,5.152011192737921
446,30.082439752934505,4.708489700107014,1.9381581845900273,4.8495687188818835
447,30.31917451041918,5.2680900892046285,1.624965506070851,5.023005215829484
448,29.83986720443336,5.134268015290093,2.0426393256475377,4.8496061336522365
449,29.680946064333384,4.840794828639302,2.2152014277197196,5.004262329734388
450,31.901190685753008,4.987867837237076,1.8583186466179074,4.697257121477435
451,28.196860323744055,4.683172811398902,2.053425330202297,5.101745004645987
452,28.418809297967865,5.1790076628152235,1.903387789663312,5.02935860239711
453,31.612220628255425,5.179367863173106,1.9462938704188335,4.821761554916942
454,27.848184598670695,4.856169336151516,1.957773952234461,4.802564094569763
455,29.868743032907695,5.015370376591753,1.9550288036383843,4.869999483835308
456,30.168654671966728,5.088388129913882,1.7819201845114307,5.282186475949254
457,29.901411867715737,5.00376992458897,2.1416428846513114,5.046643226252701
458,30.953136633913246,5.057424833040365,1.8775125250719125,5.07230070504122
459,28.85627379267934,5.021711941155305,1.9933540018711078,4.958376628545492
460,29.87146248856107,4.623630190900472,1.8902550184518077,5.018568980228223
461,30.1598563919974,4.794464971814809,2.25314156817294,4.8267650303571
462,30.969457200526737,5.085438872374337,1.8707545380312394,5.355062178521902
463,28.80636316824352,5.183830834722,2.2001164636085955,4.865875958184671
464,31.39246530006433,4.949990697080209,2.0577387258559714,5.0520643677542445
465,29.865691258529452,5.162161654631957,2.1586977441104427,4.650293605352363
466,31.30434024287815,4.667501602392865,2.2065092408683316,5.225341027365516
467,28.909033569784803,4.917837142409083,1.7788590663028128,4.957015793942253
468,29.69196571581426,5.155932106453868,2.2620617492239217,5.279136762157991
469,29.437831973421698,4.958155625251094,1.6633123615558099,4.838825986700762
470,30.964851633097457,5.323116564709647,1.7531302256240155,4.881507148169421
471,29.973594243041074,5.056032231763921,1.8380792960156707,5.084812208892818
472,29.526160652929082,4.997109545824344,2.10925684960074,5.001284453962188
473,29.56361410947343,4.978078039214834,1.982327408158933,4.925997794023575
474,29.741203937332898,5.319729434100943,2.112183889588248,4.940903936394168
475,30.696954404510734,4.933236102048798,2.2346249275173284,5.073928438439618
476,29.89269785599577,5.089543385162056,1.6858247695863002,4.774646506218039
477,28.806074993600944,5.028588618952742,2.3465029998970186,5.446260029238527
478,30.63805110144076,5.100168894988891,1.6397884531694522,4.891465240053195
479,29.21221624809176,4.8758304803497765,1.9663712362830421,4.905581884460575
480,28.02070018962421,5.149582051223507,1.7854513948520387,5.04784937282223
481,32.07408266974997,4.816123081682715,1.4939424954507339,4.942799155623978
482,31.10095963499857,5.3916694908441185,1.7540900811095166,5.099339844647305
483,29.534689543219947,4.978810329139173,2.528868669403407,4.6994059343209695
484,30.253739661494574,5.093538634353087,2.2171572649878692,5.0195966306941795
485,30.3080505395041,4.921670286515642,2.0538253882490216,4.9313615449005175
486,30.62157188985605,4.926077932791273,2.075420078780437,4.994147437263004
487,31.126050250772167,4.989721255282303,1.6453935063586238,5.252384300142799
488,29.09426769913738,4.869246732270236,1.8808677411913015,5.274887618634163
489,27.864325786021304,5.627549706731999,2.2112113618132105,5.044647782825832
490,29.945105999383713,5.057110814971532,2.104224485675868,5.129043117190012
491,30.555604466003448,5.01791613625105,1.9605323159385348,4.969745343269298
492,29.80509171964732,5.226754019373413,2.1187113444561723,4.411922273067144
493,30.655900776529762,5.038947238943755,1.9962582487108205,4.922296309382223
494,31.124112719986012,5.189505292424571,1.8454244664352781,5.081410457424907
495,29.028343265458712,4.724076367042214,1.874656555082007,5.172478694476552
496,30.953125045376087,5.1026170840194585,2.1450191573695996,5.103235657422991
497,29.358518404777048,5.086384508934788,2.1600819050455367,5.1508582659627145
498,31.188913371474644,5.141660769440213,2.0702896415083165,5.214030047663286
499,29.97347874075094,4.823625069754456,1.9673866072112471,4.85101947103871
500,29.32482172502562,4.971096265856897,1.8415160158000077,4.938407694072192
501,28.106385333046216,5.042658741474588,2.000241095072445,4.8365822737863615
502,30.659245668432405,5.187514027525312,1.678488027126205,4.847455044286757
503,29.2308576502127,4.812019379778227,2.1658949683863495,4.961234772245439
504,29.73548515868939,4.599227527118649,2.1270836060418454,4.752148321029305
505,30.059932630266328,5.055475387591638,2.27213171916773,4.7382359201761775
506,26.980487844179173,5.036769908950739,2.3601022363021706,5.247789270587887
507,30.209659415274626,4.9016727628735905,2.161424519327462,4.805290760059107
508,30.47635776935622,5.101094031833325,2.212041981499776,5.551932007782216
509,30.392415967178767,4.898207274858501,1.994885137561601,4.646184819022176
510,29.30528686891094,4.918143512377379,1.8951823204130815,5.030470974406745
511,29.1775800676178,5.224206133464894,2.0000414129836392,4.9981399357722776
512,29.67210528348708,5.031038136771796,2.165019652933527,4.82657395685782
513,29.341883510924742,4.939254794244667,1.730825815305357,4.836148428055701
514,29.52377912645534,5.174877836142546,2.052512265800385,5.038717982273509
515,30.850897962167974,4.972525642320121,2.0780929699857777,4.979355649413501
516,30.265362349399627,4.883448268477683,1.512236568344714,4.973144167562739
517,31.42274813609994,5.185243080448318,2.193079496918234,5.247226144361243
518,30.088657590961436,5.039463141481119,1.87646962091313,4.9367854287945905
519,30.615771149771142,5.240776887433763,1.9721107448638,4.9099621470297174
520,30.000527958856598,5.120241349785823,1.7112290367732916,4.540763809372552
521,29.449463150508418,4.755857514817168,1.8983719604705378,4.970443936236506
522,29.546751590976985,5.290493506894149,2.065348952920464,5.060094871922166
523,30.6222071440434,4.772233376443846,2.2078223574840536,4.984847142692908
524,30.670480617241214,4.785628553391969,1.689248246796787,5.163577931605006
525,30.376409526097518,4.819589689128498,1.8260673837450612,5.225086956882954
526,28.810588107132673,5.328534590651193,1.8198758530704262,5.127678385121676
527,29.671381524251014,5.120637486216468,1.8911771995771616,4.967441418785541
528,30.04091917539572,4.799562508843706,2.148164869084025,4.897357286705683
529,29.77140008465998,4.801130125078298,1.487533268240938,4.961794447479966
530,32.41261542161291,5.156920857579605,1.996147924053121,4.947421834158346
531,30.022465892812047,5.109423823035042,1.763837436938231,5.222864338933775
532,30.715381315441245,5.143637145141587,2.0876951477619454,5.003923331538798
533,30.67286123596682,5.1183628267482755,1.9291918578117953,4.88527964542062
534,30.101856295261985,5.309804030299038,1.7521785848692197,4.706494946849512
535,30.164760841236518,5.010177540371203,2.0346683328740816,5.0487906395817
536,29.776797745365194,5.297972687720416,1.679819204304697,4.834300595043951
537,29.896745239850954,4.671362237769166,1.9648291191135858,5.332294033145604
538,30.02088648829596,5.046140181143737,1.747967046965484,4.876727718392105
539,29.62480361967606,4.936456980648753,2.2563287590007537,5.111538212145025
540,28.88854204306297,5.049300955686401,2.099644349699357,5.228029807704253
541,31.580540686568373,4.7969811616344264,1.8378284977579322,4.748484428217076
542,29.765980140893017,5.093271674889267,2.1974669033178205,4.984809795271495
543,29.680152476745157,5.030351598449748,1.8329714196739955,5.4179077443389545
544,28.39233897288194,5.036948115779145,2.404721243845928,5.001359968911999
545,29.809960964998506,4.928510915437915,1.9639216636475185,5.274569694935306
546,27.788138088670493,5.3066867402592655,1.715208569509971,4.946669534153117
547,29.570755579701338,5.117710653954144,1.6803751296232505,5.092434533216388
548,32.024309623286854,4.727365199081438,2.037941233522079,4.867603564440678
549,30.425887206193035,5.003829555483151,1.871702618191138,5.097574456974215
550,31.804348109786744,4.96181924165454,2.1439515884296365,4.741345408425767
551,29.043563623181992,5.094481255576076,2.296823205707193,5.071122669757132
552,29.686941969476845,4.999858281084671,1.7499184532060565,5.120903065271073
553,30.882333062323408,4.909581933433384,1.9059915704480996,5.05317564593041
554,29.563280263959406,4.986773477074835,2.419944357833303,4.950594859850801
555,29.64165984797878,4.870491638872968,2.1488383942999874,4.963755165356379
556,29.350626961678575,5.264260806454603,2.2839206009027273,4.879915286852259
557,28.133460048639385,5.201502737967385,1.8630740348479993,5.158125119832554
558,28.029896182288166,5.178519467659862,1.7577656141438438,5.1461528238133045
559,30.014273067836434,4.809212116120671,1.9185927374146439,5.1372636913913405
560,30.105894453115233,5.116882596094497,2.3952881169030973,4.6871516776577895
561,31.617212574968622,5.020871187504643,1.8202431903353744,4.733937274852202
562,29.810879609222965,5.184330022384892,1.974490175924493,5.302230986049469
563,28.54882430994844,4.997582210430789,1.7495213111173762,5.072726376524994
564,30.8868873900973,4.915847641263789,1.479157228674573,5.039789629359299
565,30.43673855173351,5.080858950992339,2.247156438364431,4.78578926407019
566,30.680216105450448,5.238501502495595,1.6442824831986966,5.063930365183795
567,29.495820168992328,4.983695465379671,2.0695352967076674,4.902554287177289
568,29.324291920838387,5.0068304834976045,1.7825508122274394,4.782834974222963
569,30.679373282956504,4.770241192968268,2.1332625001818424,5.092518258570791
570,28.274193271209402,4.864487069532869,2.2388218806094744,4.803766893772064
571,29.535595737690613,5.092412178650379,2.156678101856519,4.949692222791101
572,29.40248980530836,5.284473972339701,2.347779932759516,5.195771610156359
573,30.085318142565026,4.838346855671815,1.833911118688687,5.104502821053152
574,30.418398220888683,5.280319718589286,2.130090018507228,4.699383939648037
575,31.05194761772292,4.800387874537117,1.9232057456095297,5.050040041250339
576,31.995667489783965,5.621983711201072,2.1213446118272365,4.963360676255922
577,30.53450564848055,5.177531085174767,1.9358664748885617,5.359042271182465
578,30.230070759191403,5.099548617818279,2.1331848504108923,5.0843173221228914
579,30.83894050046961,4.876549362690615,1.8883396492107938,4.779969153405661
580,30.439501230620227,5.155787300702423,2.0915545732303773,5.334898486669507
581,29.994403981170954,5.133748331118502,1.7816598247721371,4.92258005950512
582,30.695537757565777,5.169820422148629,1.9412066104671635,4.9856801496283865
583,28.48212625331919,4.928594159838678,2.178076632703957,5.115041003221314
584,30.50066572138121,5.009954737436192,2.001412631725635,4.8679357721053105
585,30.698828420202535,5.084194588877878,2.09840376959856,4.894793031466484
586,27.846657080128757,5.219430542350739,1.9042325087983192,4.827444847191376
587,30.693478911913992,4.921597472016174,2.2119872768093245,5.12340118991534
588,30.683569323200476,4.7268088577598935,2.2423887970772802,5.052250106246771
589,29.630722860753796,5.02867769346845,1.644752953420336,5.081730562296134
590,28.97062849181793,4.729465942831293,1.6955281627564218,5.2225376749979855
591,29.37073660630721,5.3067455419833,1.8928397073895404,4.658528408481411
592,28.88347556005134,5.247162324001388,1.9688203644126665,4.89034254070188
593,30.160018225852788,5.100356547233509,2.2234797631804923,5.289699845978586
594,29.640231354210915,4.734790462783592,1.9173069677753447,5.052056101316577
595,29.036241073789387,4.808569817020992,2.0687575763099773,4.99026952968591
596,30.032796995411587,4.848300933059986,1.9539198571588465,4.815153371146339
597,30.890198411124786,5.20704986694475,1.6307624275523813,4.814097827961518
598,28.503470744909922,4.86999521311862,1.9833124060419278,4.710070956060294
599,29.078140186874688,4.7992085255837,2.0414534658797887,5.0138688674072505
600,29.278262446662747,5.03536417442788,1.890663983082547,4.9456689779347895
601,31.673452090298536,5.26809221035807,1.7400837526144803,5.165946483575835
602,30.81139655449159,4.770347342249476,2.163755528750972,5.30758638368251
603,28.877455193755587,4.816499435797147,2.2035322933687005,5.054299062165129
604,30.551476275239523,5.068117843280099,2.0781391841856287,4.7347055743377835
605,31.04731770662145,5.233917998485555,1.9541218511863945,4.991304610037227
606,28.468892497444276,5.102850951203567,2.114411488342829,4.987561796600138
607,31.124353359870504,4.933184553804012,2.11292118517872,4.796067132261577
608,29.976447849125762,4.965129148419432,2.0450615844081885,4.926094614233328
609,29.868527404328333,5.165209434288301,1.9126471525523565,4.6786845798522645
610,31.74958390420542,5.276290815738097,1.7415474609788761,5.137941561049039
611,29.497025229448656,5.0526974430662115,2.058844825802699,4.953118439936736
612,29.216234334413603,4.861891789536748,1.8167616169037515,4.833635558353911
613,29.932821709950645,4.856848002177849,2.136410413142524,5.297449231067185
614,29.41994675862996,5.047880900107075,2.099937022060587,5.094400454183855
615,30.075955267916086,5.148536483671944,2.0964497905361315,4.752467515534541
616,30.869156064389273,5.177458167453349,1.8473427791642836,5.00758756708952
617,30.68332899281107,4.958137236084128,2.2145956095532022,5.472774498923872
618,29.214013967365016,4.723791079369245,2.0607637191209753,5.144312501025229
619,29.76913362615523,5.290652132664206,1.7322788400553502,5.138583724606322
620,29.394139179241108,5.343875581241459,2.3985030706336237,4.8466686824433305
621,29.45044286409142,5.17191757739596,1.9225738700420971,4.990917756413553
622,30.02538842054241,4.616065368760468,1.9972324507811525,4.862054445187165
623,29.506877177600227,5.288726400693763,1.7486986211441486,5.162641037349595
624,29.721037069668192,4.944047966300833,2.1580743792103423,5.068010258913778
625,30.57061299721953,5.193636932106572,1.9337383233633354,4.87755265309845
626,28.914849473442203,4.834917894004209,2.589818885061745,5.248935916147357
627,28.64892563379198,4.735508408651286,2.0963732123436984,5.109452959475593
628,30.548883835317366,4.9490088412892606,1.9749091479994199,5.065575904831872
629,30.08589300629333,4.556139925450493,1.9540400738849613,4.829718713147937
630,30.17521141890851,5.597051800520682,2.073496333094861,4.93729406276552
631,30.921801501977253,5.096537577441842,2.084018898090368,5.121370118643134
632,32.05654356482954,4.773822312934817,2.094726415362291,4.814723774003692
633,30.555512646342248,4.816262697702781,1.916526637278983,4.940982017152419
634,30.97581671934471,5.183690888788483,1.750856524710723,5.010986822199969
635,29.290420145250827,4.748299017864933,1.9565965899151259,4.938303442308836
636,32.42671648634552,5.086591965072139,1.7244764998491524,4.8870451991658115
637,31.0213832954294,5.417688554573985,1.6828033375524083,4.624015122972191
638,31.870965175371783,5.0779228354741806,1.8263414536247267,5.106925817224487
639,27.364252260983122,5.000675101319432,2.065564234568617,5.184854027907566
640,28.986104047707464,5.017137432280672,1.8149150747880824,5.051076751134864
641,29.104653677636975,4.918379832167956,1.8008369210419541,5.130227248364731
642,30.858451116656667,4.953075886008517,2.0076475989920057,4.710281717073292
643,29.700323351993212,4.989959076591651,2.524158618205995,4.777606594845167
644,31.464177238752438,5.1993717546931615,2.056127280898027,5.3517240968390265
645,30.37210547260686,5.0778318391335855,1.989375869396491,5.244713776483725
646,31.096469233810883,4.874864542500758,1.7361505610802466,4.959403872520869
647,29.199961435602354,4.987295085076929,2.247487626936828,4.908539668982642
648,29.957176618688425,5.011604546961679,2.169686176441057,4.550622133203079
649,29.393299705234703,5.042256738455895,2.2400157912853724,4.901619510498759
650,28.123447293958126,5.123942289193227,1.8729275222348742,4.7620666681819275
651,29.375654610286777,4.96309492846883,1.8790510670923575,4.558886788580186
652,30.89706619688713,5.2549750082557445,2.130304398267901,4.7724628659150365
653,29.798508466052482,4.998695736954108,2.119758877912382,5.133668097743616
654,29.265826201221504,5.016399111282712,2.0914560809230482,5.291164464429353
655,30.704506539824724,5.157811337475104,2.0167653255858724,5.2820918290407
656,30.409762795959498,4.8277824179652855,2.280673994025038,5.139580654507806
657,29.556955978871517,4.904101406520152,2.0593151090281525,5.092636959053517
658,30.197292265631205,5.062261734688577,2.3399914749152764,5.214308630446977
659,30.190635591265025,5.1882621161534965,1.793495219294492,5.079585409989361
660,31.80930634973311,4.956390820921525,1.830473214276183,4.869582222281388
661,28.910366962657612,4.8430476183744595,1.9258983802819942,4.718886596164271
662,30.015618333949604,5.180455434757329,1.818448763970616,5.303856784728354
663,30.510792088527595,5.206116117124812,1.8684330892295726,5.170905045413323
664,28.90806609960469,5.178049500167302,2.0343678679587063,5.1106502439969566
665,28.824405394375148,4.820986031544679,2.119445643650677,4.81033039915516
666,30.463206292099123,4.726572438707951,2.1696348425333336,4.7534953370462985
667,30.552299937679525,5.1251261867292,1.860645636314085,5.116405313416945
668,30.260442263333555,4.8922316287614525,1.7982890631847583,4.607474861665484
669,30.349650047299694,4.687039445727589,2.0190688398882615,4.94731035678355
670,30.679142775438194,4.9395909001020275,1.9341104427305817,5.1463741408576595
671,30.335058029084117,5.0632311914365555,2.0938535179617053,4.692885575358579
672,30.756788679986983,5.122493758802721,1.7966633742847005,4.95118390526516
673,29.960692712372367,4.973100643119653,2.066771993313707,5.2862733563662365
674,31.08176672767283,4.7375561613137185,2.12441399806121,5.265786663907082
675,30.386808520689204,5.218196085037193,2.402454089140153,5.204741909221396
676,30.24930859564173,5.209017694816951,2.0289775666193783,5.004780608656991
677,29.648585764286267,5.312682671766422,1.8363142668115997,5.306473544935623
678,30.499864123740373,4.720138765039612,2.073529858598284,4.579994698469675
679,30.625508016831034,5.177046296597799,1.8815288088695894,5.024709539191116
680,31.954157433750286,4.898850659147612,1.7882184825886798,5.29633268049252
681,31.962587190530794,5.000739134369569,2.202292607081671,5.268295183106177
682,29.257515767461616,4.902938832926426,2.2461749026309468,5.3370028557417015
683,30.562880860174356,4.824037129299589,2.3974122223398884,4.893805820437607
684,29.66486221882855,5.068467566897924,2.310832084142955,5.170795195310445
685,30.41486550036191,5.092657706023621,2.008702933728693,5.1116279029037015
686,27.470439922305697,4.94067850818604,2.048264386983356,4.769797183276099
687,30.38632331781156,4.959105755802776,2.351095139663098,5.314603945042971
688,29.534194430881836,4.969832457686661,1.9852104868783216,4.909668104768075
689,30.195024984028127,4.848343586222482,1.7738769330124948,5.124542244780054
690,30.62952958422181,4.8391368480680015,2.1790710861525198,4.873684454166933
691,30.25316523803798,5.1640688025224915,1.9932774870592573,5.090948182428227
692,29.483570356112427,4.96070668331438,1.9588281138239318,4.850684330691952
693,29.82322583688422,4.690276340227251,1.901769250571579,4.943024901326066
694,29.74382024750462,4.9517005108258445,1.9876471600279741,5.095888303617213
695,30.874517074132523,4.870046954630347,1.759359828922171,4.79159111755138
696,29.51279707880507,4.929615736436698,1.8460007867605086,4.740776667150021
697,29.543879172525813,5.036285324022794,2.1190058931671127,4.888515389378336
698,29.587002177856565,4.814660338230538,1.9937121659250447,4.830314273161837
699,30.5731278132412,4.642826701613178,1.9280740655095074,5.060221467838349
700,30.183834516322506,5.538606732796099,2.0699600049135816,4.7991890806315975
701,29.93453575291093,4.64975073330671,1.9938800501406477,4.828388788599848
702,30.975390275560162,4.900091945080892,1.9966468168409506,4.86288843171912
703,31.82885135185333,4.950751446776417,2.39651140869584,5.147830352423654
704,30.602066727335387,5.093746629463504,2.1187594596432504,4.594465484130878
705,29.87111660584924,5.194031594236865,2.0402205633051786,4.693962030639285
706,30.12759554942253,5.370821103251099,2.309378343106944,4.957599198126793
707,31.161449277058086,4.96169859592639,1.7292256826346561,4.780106802374089
708,31.802888768508197,4.98520138363414,2.0313232041249965,4.900032360745024
709,32.17413658957301,5.370191783072412,2.5337560466896267,4.9231909579199895
710,30.595624488747095,4.746671490115841,2.395386885223655,4.716444089746413
711,30.546775563762626,4.835539494473431,1.9922266346522608,4.7775475137900605
712,29.75212473932418,4.952175459370204,2.0103462410149846,5.106666782356061
713,29.28513720693748,5.109108285402773,2.3735918304611117,4.832360727097321
714,29.7020811092524,5.02389507496395,2.3759450416721424,4.968821526190672
715,29.918785705392402,5.171775330237608,1.9295415700327152,5.061271902088589
716,30.88860730770177,5.018438305772223,1.9922828403105537,4.742663815543309
717,31.04481733634591,5.330796100497812,2.042538450594241,5.006677340710297
718,28.45297298139793,4.97307645386856,2.1737882134258197,4.728063316603634
719,29.633493625210406,4.961444088706222,2.2484385456652745,4.867534196318726
720,28.36176876667503,4.675859969472986,2.078626964428565,4.991537317210711
721,27.882495157274764,5.005053964769674,2.1047504286965157,5.172667555641689
722,30.274978188287136,5.186597796948186,2.248251428017493,4.4638867040385595
723,31.458207216631738,5.158079301091258,2.331653727934918,5.6702475412872655
724,28.63588706050141,5.464939329952222,2.182510496119929,4.9374657808806015
725,30.704487754698757,5.040152733320391,2.1360334143522484,4.9409017471146015
726,29.26282630332832,5.280115833504353,2.176761119022949,4.6439861321919285
727,30.359987142004186,5.386429843372515,2.1629329825967556,4.936690723641925
728,30.109043724284525,5.291584369984723,2.4171015477580404,5.229721766659282
729,30.694436054500784,5.278730960951581,2.309613507907789,5.114174356372604
730,30.181167612391267,5.2990010625754564,2.2610605407766635,4.8371623645783
731,31.021752484448374,5.205448079285336,2.2867541913756084,4.887942636634105
732,32.53811805756219,5.357089937123044,2.493830918499379,4.748892094795226
733,30.100759171771674,5.356060111647551,2.505209358505959,5.129534135150196
734,30.41601937403077,5.12409026892793,2.0121031674949132,4.751505778787825
735,32.04657051057944,5.08170092415436,2.4780959590401648,4.786899378800438
736,31.40405702822156,4.9504617220368665,2.37704188992678,4.221772805819856
737,30.923103841838014,4.858905351256971,2.611198903309363,4.970481470552903
738,31.606670981966083,5.494201245431876,2.1902166958350326,5.159472639583111
739,32.10219156426039,5.147688942556211,2.617124029436589,4.583741297517673
740,30.375485838472326,5.0782820553520605,2.2942044583871968,4.5886884714479494
741,32.45308306709532,5.153229119926034,2.480500993671376,4.680929726717264
742,29.439396699451486,5.264011471678284,2.0375490049160447,4.776273190782907
743,29.921684961167188,5.612455199846162,2.6122725444349446,4.806150758254296
744,32.58370667765467,5.050736804506853,2.5486958757340186,4.819962086743743
745,31.61402008133367,5.479470700021353,2.5964984205559607,4.832744732565005
746,29.725112563771702,5.037990740944108,2.4354582132808553,4.78867447485533
747,30.279796275326078,5.717335335115685,2.773278811050715,4.8854236640784965
748,31.512036861283747,5.19755820601977,2.289616307995553,4.775496103703772
749,31.72775254014275,4.996647884903675,2.5568352834489794,4.72394819023505
750,29.59219244212261,5.0779229978441,2.4172788933156713,5.127537531468038
751,32.08655312453376,4.9879036861800214,2.6072072578835277,4.435539202212327
752,32.64269105388708,5.165775069636424,2.5012727622521655,5.005159329508438
753,30.30283643141575,4.985576362977401,2.4132801347307993,4.942675770203864
754,30.100653924523158,4.703568880377887,2.4497682283182005,4.8403481599821845
755,32.85026174973883,5.18236772758292,2.4677146785767996,4.955780146851149
756,29.81025830030458,5.202295844963398,2.5980847779850116,4.809843744257007
757,31.20019330680912,5.291888202341168,2.072334529317402,4.58335031753323
758,32.19350871255447,5.093541193149064,2.5917968443179196,4.79937450016054
759,31.427450799142235,5.329092754199314,2.3974534869430775,4.663677744060791
760,32.41021616958922,5.3313945921936865,2.4826937460872127,4.744843280858158
761,32.54460979063662,4.8950117442845045,2.8418148129911796,4.627749052263786
762,32.28548993324023,5.549449384729045,2.345665260553907,4.5481117995144915
763,31.601451304124296,5.158249295775115,2.976987315167362,4.513645581234641
764,31.364453220513134,5.3608778063205955,2.3995700947847824,4.600863857648747
765,32.267453261250175,5.2584279191234975,2.63132262822001,4.569133577510326
766,30.465529690819235,5.394318642267848,3.0109866143294486,4.6736803261566875
767,32.235264117247546,5.473544551023372,2.41613390069066,5.005502931625921
768,32.242328796422804,5.6663713798178215,2.533393400895202,5.023612384511565
769,32.845155494034785,5.455608017170471,2.7368048908706295,4.60529427638511
770,33.30053165847387,5.378071973969609,2.3065860592825698,4.4265627076586
771,31.94415424780725,5.41699979663311,2.698682302220021,4.888794157958733
772,30.208898135961377,5.3887175873010325,2.356404154922569,4.791942459096833
773,32.095541285558,5.448921994404824,2.557223407882047,4.89089298633155
774,33.26172466405885,5.486708860602378,2.714096550627312,4.745971457059026
775,31.54310743201265,5.5461111318041425,3.079896178864784,4.839122111995837
776,31.55039753019259,5.452283463454621,2.5013716912482704,4.7344780622351355
777,32.76060341286254,5.011036732093567,2.537643231217527,4.558372220651247
778,32.03914025285917,5.148104612916239,2.857795745870437,4.660294721788103
779,32.17573086802148,5.243841699968327,2.999741425283313,4.93608142261766
780,31.916438516153463,5.277566616569036,2.898241533082399,4.528394124050602
781,32.29060279933677,5.552930630344934,2.4281287824985416,4.858660464970534
782,32.53268052432934,5.3277013710875645,2.8021531691557104,4.582485871004104
783,30.758798696555072,5.713987645490647,2.838265126454124,4.673600426089475
784,33.47154977057404,5.21576750848794,2.9346943798070457,4.526471781820241
785,33.396770775216496,4.999554515929701,2.8301811399517462,4.454435868843208
786,33.01226295063415,5.52400883747364,2.7184748210355947,4.427565227164791
787,32.49933463144267,5.255671554536958,3.0383967390904254,4.491158559910511
788,29.73301178067836,5.36503558867564,2.6722912358312056,4.23374483690781
789,31.43257336177743,5.466881694366594,3.1557281656496463,4.617636894772995
790,32.09349661178426,5.541180839034141,2.808181937956202,4.411079926167371
791,31.575637331767016,5.104634238649656,2.832015258688111,4.576610697984027
792,32.66337632998511,5.376806614410528,2.7308507878606436,4.661649238336993
793,31.472868080053413,5.620205582768695,2.729556596214655,4.384512952529393
794,31.353214809384323,5.369719570622872,3.135062491695596,4.633125617688791
795,33.828422112028036,5.579428509186787,2.7292660342939263,4.458842155134489
796,32.09980087088254,5.746114980807809,2.7206422707147375,4.698739537877822
797,33.802953870108766,5.850924040343218,2.888062681474101,4.657464431916032
798,35.22165183653884,5.366471664613261,2.672991950493528,4.133997993218447
799,33.68271202886133,5.118369958388283,2.9155361894124154,4.592462637407792
800,33.18517553682992,5.585088972836834,3.044457971160171,4.7557731626626785
801,32.0776836192612,5.369600972308294,2.855468110945835,4.661038362372522
802,33.960398588395066,5.600245063863701,3.2566987333779855,4.254391826524724
803,34.75722411155114,5.819647724342452,3.1771243994491494,4.841359781754212
804,31.463376792322226,5.415110372747469,2.8929393078636094,4.624295864751469
805,32.09985926039786,5.6764990298674975,3.3241072287993427,4.614040580016799
806,33.4637510236615,5.3324253318198505,2.8906298067749274,4.719923781059333
807,33.98934900390533,5.5271960961244915,2.986418090846822,4.059838425377724
808,32.16914758131556,5.922283817427945,2.823908885799507,4.497895964244216
809,34.2774439731952,5.294015466399541,3.1269420949562168,4.642583107502131
810,33.31249932190725,6.123680611133353,2.766280148224361,4.661745705976776
811,33.157198262603536,5.7093840309673345,3.1982614303398496,4.2983687605780005
812,33.58899639245934,5.188419709720343,3.2406495001142788,4.499631693198104
813,34.0286601686431,5.77662366501743,3.2035239680419423,4.464617883959654
814,32.53893166333871,5.42755584727019,3.3773469240354665,4.717267081141196
815,33.21188956368795,5.584200549450655,2.969077125001247,4.659551369053489
816,34.145416823691775,5.9682434872927494,2.9843353845640523,4.344398420196357
817,33.74144592252557,5.714297907545154,3.1268664724904736,4.24040778190926
818,34.421407528923574,5.734227072509116,2.996745179887255,4.6810885602211
819,34.740198709196605,5.621859299449558,3.2059195724752074,4.515811554223181
820,32.73829692974374,5.606006295832816,2.7695232910781638,4.575291129100587
821,32.06850677755814,5.9056839656858,3.14397598120671,4.3526666036137645
822,33.032266093915496,5.552392225215585,3.5037062690296077,3.892438268692984
823,34.966965386088184,5.682604696220342,2.988595670428557,4.169937521390152
824,35.396393027208205,5.430898624011454,3.009329897880808,4.607462908472946
825,34.08855287628592,5.43741488469272,3.2933249950809236,4.1698494632719445
826,34.880821398422604,5.842274192974626,3.3664012397643885,4.442332212249403
827,35.571188124867376,5.634937265477645,3.03362517491584,4.454894782566462
828,35.92604704953712,5.437048101362829,3.2077074466612028,4.443289207620291
829,33.81609515099426,5.4485392839245375,3.514371571246094,4.819008144403451
830,34.09613145902391,5.4691863420528,2.9902078949893047,4.4015951962442355
831,35.033877343316256,5.750033549299077,3.309519231816229,4.227145669642138
832,32.86783636728191,5.826950265264976,3.5027543242771175,4.030854042661853
833,35.57983897818068,5.779814244178801,3.609918929029159,4.066574450302977
834,32.65417584458456,5.6402061380465405,3.4405568853790385,4.689272164585393
835,34.75607891381513,5.626463744637594,3.1447261584668214,4.57100011454383
836,33.11529457424928,6.005693710954464,3.303123070078698,4.63811641452357
837,34.78893129005928,5.657600902111508,3.266120725634775,4.246818424530783
838,34.568316692375234,5.705431299243544,3.2612377183862593,4.276873717936473
839,34.24857702971915,5.269253181117038,3.48163362295774,4.109055755056638
840,33.04666759679426,5.3625311305778585,3.0412215004264223,4.028910499377542
841,33.52097904236951,6.095651827505314,3.3048240648209593,4.3305500212536066
842,34.660481386506326,5.73621303724317,3.4045113078548015,4.050941247280151
843,35.74092754827921,6.076439328727577,3.0934682611754627,4.080194281822724
844,34.040189657622996,5.527092441017961,3.541193110691173,4.134345559518677
845,36.515056067806604,5.9631097188687185,3.492514806126443,4.480397252663947
846,35.48590042435731,5.617210502388351,3.2967565510916073,4.28562861259393
847,35.271636124497945,5.762812079730684,3.1546007035618002,4.104435111209831
848,34.36602713640562,5.724866879134834,3.8745084353579617,3.9828024115202005
849,34.97558924183588,6.042822621665658,3.944289949084559,4.1741205153632075
850,34.9914294527202,5.863952071439729,3.539096346310658,4.230230959752139
851,34.965975389500045,5.2485507829560625,3.6464138980125265,4.270235580732393
852,34.337525103221736,6.1693724391439115,3.3850131962418897,4.159384802186994
853,36.58155330220474,5.5985877390300285,3.419976943412692,4.205594915313831
854,35.460734482129546,5.811560501470662,3.2814749305695474,4.123566287374562
855,34.04264556678779,5.759555790955392,3.635168731725966,4.308641151177594
856,32.903988245951595,5.992788197512171,3.6105137691993248,4.496906409518781
857,35.15419832729067,6.005264591547153,3.6633090622900255,4.4842451512405495
858,35.26225063601778,5.770416950711419,4.034486944089377,4.387807424455978
859,35.343744421004416,5.539739116692333,3.3323384765072923,4.2635430964283705
860,34.94552119776824,5.677175486998337,3.628196539922412,4.51772538560872
861,35.5254024745503,5.576798298049452,3.5876982345714117,4.034006703829488
862,34.472300083591435,5.727276866874071,3.524470883479199,3.9389729256053205
863,34.762345318481806,5.702878472630538,3.0441102619995464,4.595594404900332
864,36.00876965421667,5.744739855015001,3.64376380994812,3.945669130536487
865,36.64572287781087,6.2044577389546225,3.681338745649305,4.379706128837069
866,35.15528677893392,5.562654912224814,3.5776353262072687,4.196385593354392
867,34.55545228125656,5.791269344512993,3.651720088498177,4.148824300426908
868,35.092258490497485,5.627878986720679,3.5365967701744125,3.9030831468600065
869,36.0478155496862,5.423870611631934,3.920718068663385,4.432269879452569
870,34.79781941301738,5.32937258243454,3.627737887606542,4.137163167742236
871,34.11940178007109,5.751956321238351,4.01603903977267,4.277985432460348
872,34.2354358856219,5.540480166080914,3.6545965364780457,4.097308644129912
873,35.686199187363314,5.757936657486469,3.8322999150723724,4.522030808012046
874,36.035501022444265,5.860382298533845,3.7033699057893408,4.058665373164025
875,36.43064091245215,5.74953731080974,3.7590445417999967,4.135239580376217
876,34.77821580718847,5.60550689042318,3.8245949007235334,4.107799205628924
877,35.81024046943657,5.778279938712166,4.01416425976261,3.9396452437576315
878,37.05204028401789,5.540472698034347,3.8669540129113784,4.205086136505325
879,34.574442932059114,5.979878787572202,4.045903733952032,3.661636232129187
880,35.90274480749081,5.401345835933985,3.6068670392953583,4.425833272980189
881,34.84821796660795,5.670224007118206,3.770412454203064,4.50858126763271
882,33.628317752793976,5.699738017672131,4.119486336635926,4.461540468707547
883,35.38656877570972,5.667189459494671,4.249168700361832,4.403888478349839
884,36.198946987762234,5.757519530212516,3.8301941318323927,4.047927983791034
885,35.880851304615575,6.215200287626267,4.025883408227481,3.8595247846030487
886,36.956496450019536,5.992626428002631,3.997413159171783,4.363308171855721
887,34.49841975048645,5.927834884258708,3.763709089728157,3.751428114926909
888,35.98670997760492,6.442311310316885,3.51198445109885,4.053543877790106
889,36.31054293507477,5.969615640331236,3.867374389496852,3.795156727310835
890,35.932786742940166,5.798647204596815,3.4620156590042894,4.288918444102746
891,36.68838581984204,5.965332195370216,3.9558149376411404,4.2598636025431125
892,35.98433965677808,6.140803510952263,3.86050355982523,4.3023967477147895
893,36.110785725932686,6.003810388721175,3.6759877822575935,4.092391170860342
894,34.98804508250555,5.8423434546943005,3.7769248743367756,3.816753013620155
895,37.974771403016966,6.24126781239768,4.334073500428852,3.780420996088887
896,35.95125374991089,5.72129847495918,3.820861024560587,3.8363746033166852
897,37.14958400644156,5.905754064379648,4.183675866738803,4.135824177917703
898,38.243638752104786,5.694111155372055,4.23184664795736,4.239288174080145
899,34.99662116197297,6.196426667294632,4.057228992605245,3.9595047480093184
900,50.176064513027995,7.856178109710163,7.409962419157186,3.0001365637914965
901,51.81213000153146,7.84682012366649,6.854029410755673,3.2113969618499887
902,49.710423788448466,7.9269572464189455,7.026805482214447,3.0122745203680106
903,50.910906714983845,8.094163956219186,7.168571151163563,3.1319275090918666
904,50.13419619133217,7.96316898041424,7.278952572375387,3.158929437514775
905,49.777140548518936,8.095295980070441,6.654354950125038,2.9843869804120744
906,53.07776701674598,7.840421456546203,6.8931353909016835,3.122805956314572
907,49.667198484790354,7.908448994022993,7.18928822751635,2.838142830462119
908,51.00403001278903,8.188837142063008,7.164309216707313,3.01336367925908
909,50.93087772072996,8.11901222305379,7.065253463980048,3.0465611219851567
910,50.80306797488202,8.013486205124092,6.902008441489597,2.942998477998753
911,50.51899913637116,7.832190709967601,7.1617322295710775,2.9875479551715323
912,52.14287373494857,7.97377488608498,7.201610569367351,3.050159514454732
913,51.834773807831596,7.899869263439571,7.159872696454238,3.007828059210933
914,51.42717846690794,7.652704468325783,7.172097924794697,3.3725062078794483
915,51.08996073124302,7.929384580428936,7.22466971194228,2.9874756420933144
916,52.67273516541641,7.8284263688182225,7.306276050514999,3.038084412250293
917,51.367853463059454,8.152737463584337,7.375891496319671,3.08946307600569
918,50.39698068792627,8.254031637351098,7.167062278993496,2.9245748196031034
919,51.643196991001695,8.064951402240347,7.428341499421412,2.8882564080301583
920,50.48045387161683,8.021294028806054,7.2357389433620956,3.1458429568594095
921,52.23309468494883,7.934892944250592,7.707037983335779,2.947955062195596
922,52.935390737999015,8.079657113284554,7.32667184894109,3.057893700903681
923,52.908194711754255,8.326473661075646,7.404439400014596,2.821982653761178
924,51.14825395804394,8.186521502064839,7.426625614468215,2.8354558598446786
925,52.815171965714384,8.415523349097235,7.066735816185316,2.707615859240744
926,51.63962494109466,8.191522533637839,7.15508659724659,3.140440535773429
927,52.23406686151845,8.142889409648149,6.982818095226294,2.601836836714499
928,52.1210092502818,7.713480874769033,7.482527481928814,2.8283692311255355
929,55.11309296959473,8.606583250123222,7.253710186150497,2.8337325994937372
930,52.89558151400203,8.490634521983608,6.972394188512797,2.4927249069290625
931,51.307965194445615,8.271547516634772,7.409374718101519,3.0589542909967697
932,50.76030247163469,7.6967712274062245,7.491602839060429,2.674360745406953
933,49.97151213561136,8.194012749191877,7.488635137643735,2.8105885735757443
934,51.562151613817505,8.138127553570818,7.265883447519843,2.560390577611967
935,51.335319323009564,8.279255981002763,7.4143357082753,2.858611961193364
936,51.08485151814662,8.143699367572866,6.924586990711429,2.8556953327770787
937,53.53885770781356,7.890173573591579,7.252814465336449,2.8808213557420257
938,53.39284263442748,8.10035507673997,7.24154993414682,2.4162153715167833
939,52.273438129308104,8.60341520802875,7.445471692392935,2.8005442041632573
940,52.52208231076699,8.19778159921028,7.237397125547973,2.9646559831355406
941,52.455761523111754,8.208522650386731,7.2149267945443505,3.0557015863869514
942,52.92470274533311,8.099415832526539,7.620364970736388,2.690485832322959
943,51.50799650748896,8.063059376503944,7.075786289382382,2.879308476083641
944,50.48885512166165,7.974311233746847,7.024882398184293,2.7627860614418216
945,52.19967953972813,8.159660757362728,7.241484461065885,2.5405532493126723
946,52.844369863546575,8.119889613658302,7.523271664307229,2.592950262775155
947,52.591062742771086,8.495655607463213,7.587233160078557,2.682517236356704
948,52.69719897035593,8.191866965093958,7.481576036938946,2.694877789570299
949,52.30566479411461,8.287418670614835,7.29132826008361,2.5518242346020044
950,51.111457446168785,7.929945779099258,7.256543461555904,2.7818925013608258
951,51.63721248450812,8.357722892846219,7.516942749750513,2.351299157312389
952,53.21497558422169,8.422159729118341,7.321227465033029,2.8240383085789986
953,51.733501762590805,8.284534075349667,7.277100318609007,2.376378709493084
954,52.23718281038703,8.245254210745033,7.460464061277079,2.493193888355488
955,52.250100937868865,8.328858950516146,7.541021393975493,2.761500206119842
956,52.009884799545766,8.514343582943233,7.324765332689044,2.8175120594173437
957,53.89189109295996,8.381181618549778,7.529495154587034,2.6093405906674043
958,53.776087651046254,8.005405014947666,7.385975147924071,2.630488446901656
959,54.007653757512,8.37095352720818,7.396390848297951,2.6429384589230196
960,52.18567685590371,8.158042201553293,7.795777911711356,2.425651374147299
961,54.43878085573437,8.470645938036924,7.828172334120739,2.6024120975949483
962,52.71005928092089,8.023369637095058,7.51506751858664,2.7887309695286304
963,54.1860630617814,8.09356863663951,7.556898812602947,2.6547401559534953
964,51.52421079780751,8.43826984835168,7.495201933651479,2.6409219297645947
965,52.49805062808812,8.167132298856064,7.648591002903889,2.631878084286395
966,52.608142117721336,8.18430767566393,7.723904934156591,3.0007234536984573
967,53.14988723283913,8.534223642982226,7.391955614969307,2.6965522878587542
968,51.94263168102893,8.044615014493619,7.532125718508193,2.8983798668827143
969,54.02001582866964,8.39360094441088,7.3834598880220135,2.6157438697224125
970,53.401700008901734,8.38510724591572,7.331241283303851,2.4719364303960254
971,53.06592223585128,8.462258181903438,7.270774435780011,2.612575204904028
972,53.303048769878956,8.529922397703242,7.858571516847487,2.756514263761761
973,52.39005949329807,7.983399572575339,7.65138944858772,2.8353263650417118
974,54.61345452752443,8.512109820459557,7.825868164560347,2.705927929677193
975,52.69388125323922,8.348987941289277,8.083813905165266,2.4364883988416244
976,54.89477879070985,8.31559436910159,8.025086421819015,2.338636998100492
977,53.89590420116465,8.237645972810476,7.486946561615163,2.658706808482189
978,54.34947178859597,8.221011712281301,7.48019680790832,2.5916310471330086
979,53.282564671222815,8.504663925510899,7.979918914272898,2.593116963745501
980,55.25550331479426,8.44484694890706,7.730714698798621,2.2776865281794336
981,53.16734047968383,8.337722610917773,8.002060959256294,2.6874967248133705
982,52.28063087836738,8.444450877282208,7.954306234345811,2.8956062718775666
983,54.37750396741406,8.567169330862296,7.842017198923033,2.66266240108469
984,54.76950490070616,8.15344452050407,7.770112134556609,2.4254862502487518
985,53.92915311872612,8.671044435130156,7.730605142655786,2.096939126506112
986,53.16777925497553,8.61269474640348,7.967525980589976,2.6556372495621154
987,53.330006698125516,8.179193852756043,7.973058864324893,2.398143637993075
988,55.82409673338046,8.554101441670904,7.76387033948921,2.4377229505222746
989,53.577055793386414,8.39709961559565,8.113366755105991,2.592283233948809
990,52.96836826109147,8.828088137031155,7.909861666304044,2.7037679351937793
991,53.12177349255524,8.527623125548905,7.972221998228639,2.167070141580769
992,55.77527511046064,8.71812889218451,7.840560936770802,2.319546051908829
993,54.137561613803555,8.48233953988288,8.001133789712647,2.5733154792388184
994,54.32624098930593,8.759461139878361,8.053620641025729,2.320068900218012
995,55.21256285271245,8.803122912697658,8.580411346902418,2.3003011933520807
996,54.122882013150274,8.063580259362203,8.070629831275841,2.410359940366645
997,55.833445794824954,8.330077005996284,7.632163392406548,2.4207472518594955
998,51.96451222878286,8.640219890901463,7.566983390748736,2.5156915162366316
999,51.892188180143805,8.430940439092673,8.318675631160907,2.577129578287159
